dtls1_process_heartbeat,0,498972,499020,-1-2
dtls1_process_heartbeat,1,499020,499060,-2
dtls1_process_heartbeat,2,499060,499068,-3-5
dtls1_process_heartbeat,3,499068,499080,-4-9
dtls1_process_heartbeat,5,499088,499192,-6-8
dtls1_process_heartbeat,4,499080,499088,
dtls1_process_heartbeat,9,499256,499268,-4-10
dtls1_process_heartbeat,6,499192,499204,-7-8
dtls1_process_heartbeat,8,499240,499256,-4
dtls1_process_heartbeat,10,499268,499296,-4-11
dtls1_process_heartbeat,7,499204,499240,-8
dtls1_process_heartbeat,11,499296,499328,-4
