dtls1_process_heartbeat,0,499256,499288,-1-2
dtls1_process_heartbeat,1,499288,499328,-2
dtls1_process_heartbeat,2,499328,499348,-3-6
dtls1_process_heartbeat,3,499348,499376,-4-6
dtls1_process_heartbeat,6,499400,499408,
dtls1_process_heartbeat,4,499376,499388,-5-7
dtls1_process_heartbeat,5,499388,499400,-6-12
dtls1_process_heartbeat,7,499408,499420,-6-8
dtls1_process_heartbeat,12,499584,499596,-6-13
dtls1_process_heartbeat,8,499420,499520,-9-11
dtls1_process_heartbeat,13,499596,499624,-6-14
dtls1_process_heartbeat,9,499520,499532,-10-11
dtls1_process_heartbeat,11,499568,499584,-6
dtls1_process_heartbeat,14,499624,499656,-6
dtls1_process_heartbeat,10,499532,499568,-11
